City_ID,City,Lat,Lng,Max Temp,Humidity,Cloudiness,Wind Speed,Country,Date
0,bluff,-46.6,168.3333,58.8,71,75,12.1,NZ,1680574068
1,cloquet,46.7216,-92.4594,32.38,90,100,12.66,US,1680573878
2,guder,8.9667,37.7667,59.4,83,97,1.88,ET,1680574068
3,stromness,58.965,-3.296,39.16,77,100,5.35,GB,1680574068
4,punta arenas,-53.15,-70.9167,41.11,75,40,4.61,CL,1680574069
5,road town,18.4167,-64.6167,77.09,75,0,17.02,VG,1680574069
6,albany,42.6001,-73.9662,54.01,62,100,4.99,US,1680574060
7,pangnirtung,66.1451,-65.7125,-1.93,67,23,7.45,CA,1680574069
8,bendigo,-36.7667,144.2833,75.63,45,63,5.61,AU,1680573824
9,itoman,26.1247,127.6694,74.17,64,75,18.41,JP,1680574068
10,hanzhong,33.0728,107.0303,52.09,69,99,0.76,CN,1680574069
11,belmonte,-15.8631,-38.8828,74.89,89,99,8.77,BR,1680574069
12,mataura,-46.1927,168.8643,58.48,50,49,4.45,NZ,1680574069
13,macduff,57.6701,-2.4969,38.25,80,80,14.25,GB,1680574070
14,butaritari,3.0707,172.7902,81.84,81,80,18.14,KI,1680574070
15,puerto baquerizo moreno,-0.9,-89.6,79.48,80,50,2.55,EC,1680574070
16,coquimbo,-29.9533,-71.3436,60.53,94,0,4.61,CL,1680574070
17,hermanus,-34.4187,19.2345,53.8,81,100,4.36,ZA,1680574071
18,kapaa,22.0752,-159.319,80.58,85,75,12.66,US,1680574071
19,rebrikha,53.0733,82.3408,29.17,72,31,5.91,RU,1680574071
20,atuona,-9.8,-139.0333,81.14,76,61,13.06,PF,1680574071
21,bathsheba,13.2167,-59.5167,79.41,73,75,16.11,BB,1680574071
22,alta floresta,-9.8756,-56.0861,69.8,98,60,2.04,BR,1680574071
23,san quintin,30.4833,-115.95,54.46,63,2,25.46,MX,1680574071
24,port elizabeth,-33.918,25.5701,64.09,83,67,1.99,ZA,1680574072
25,saskylakh,71.9167,114.0833,-7.46,95,98,13.42,RU,1680574072
26,pangody,65.85,74.4859,-1.46,82,45,16.44,RU,1680574072
27,ushuaia,-54.8,-68.3,44.26,87,20,10.36,AR,1680574072
28,rikitea,-23.1203,-134.9692,79.68,83,98,14.65,PF,1680574072
29,bida,9.0833,6.0167,81.66,48,100,1.79,NG,1680574073
30,chokurdakh,70.6333,147.9167,9.73,90,20,7.43,RU,1680574073
31,hauterive,46.0901,3.4459,38.16,96,7,3.96,FR,1680574073
32,pisco,-13.7,-76.2167,75.25,83,0,10.36,PE,1680574073
33,valley city,46.9233,-98.0032,21.72,100,100,11.5,US,1680573823
34,san patricio,28.017,-97.5169,78.75,79,100,17.16,US,1680574074
35,shingu,33.7333,135.9833,62.87,65,82,4.68,JP,1680574074
36,beringovskiy,63.05,179.3167,8.55,90,100,13.42,RU,1680574074
37,kavieng,-2.5744,150.7967,83.23,72,17,3.02,PG,1680574068
38,margate,51.3813,1.3862,43.9,67,12,4.0,GB,1680574074
39,lebu,-37.6167,-73.65,54.75,76,1,16.73,CL,1680574074
40,ketchikan,55.3422,-131.6461,43.27,56,0,5.75,US,1680574074
41,dunedin,-45.8742,170.5036,69.08,54,47,5.01,NZ,1680574074
42,mar del plata,-38.0023,-57.5575,61.09,88,31,0.0,AR,1680574075
43,akhmim,26.5622,31.745,67.86,12,100,0.54,EG,1680574075
44,qaanaaq,77.484,-69.3632,-10.46,62,0,6.73,GL,1680574075
45,tasiilaq,65.6145,-37.6368,24.96,90,100,0.16,GL,1680574075
46,jamestown,42.097,-79.2353,47.95,81,100,4.61,US,1680573861
47,palekh,56.8028,41.8572,40.15,93,100,5.14,RU,1680574075
48,kamarion,36.8,25.8167,57.74,73,50,7.36,GR,1680574076
49,sokoni,-6.4333,39.55,80.58,80,100,7.16,TZ,1680574076
50,berlevag,70.8578,29.0864,33.8,74,40,21.85,NO,1680574076
51,elizabeth city,36.2946,-76.2511,64.42,78,0,5.75,US,1680574076
52,acarau,-2.8856,-40.12,76.12,86,99,0.25,BR,1680574076
53,dapaong,10.8639,0.205,90.18,24,100,3.83,TG,1680574077
54,ambon,-3.6954,128.1814,87.24,10,40,3.44,ID,1680574077
55,kruisfontein,-34.0033,24.7314,61.88,84,75,8.99,ZA,1680574077
56,ishigaki,24.3448,124.1572,72.84,64,71,19.71,JP,1680574077
57,new norfolk,-42.7826,147.0587,67.91,49,24,4.0,AU,1680574077
58,bethel,41.3712,-73.414,48.85,74,0,1.01,US,1680574077
59,cidreira,-30.1811,-50.2056,71.92,79,18,13.71,BR,1680574078
60,filotion,37.05,25.5,55.54,80,94,5.01,GR,1680574078
61,poum,-20.2333,164.0167,82.09,80,79,17.58,NC,1680574078
62,verkhnevilyuysk,63.4453,120.3167,24.35,91,100,6.85,RU,1680574078
63,bilibino,68.0546,166.4372,-0.33,67,100,3.58,RU,1680574078
64,ossora,59.2353,163.0719,23.38,74,73,7.2,RU,1680574078
65,metro,-5.1131,105.3067,81.3,75,34,2.82,ID,1680574078
66,te anau,-45.4167,167.7167,64.76,48,25,2.3,NZ,1680574078
67,puerto ayora,-0.7393,-90.3518,80.55,93,19,4.0,EC,1680574079
68,busselton,-33.65,115.3333,68.31,53,38,9.84,AU,1680574079
69,wormeldange,49.6083,6.4058,35.11,74,0,10.36,LU,1680574079
70,lukovetskiy,64.2956,41.9211,17.04,95,99,5.5,RU,1680574079
71,tuktoyaktuk,69.4541,-133.0374,-2.42,98,34,6.58,CA,1680574079
72,teya,60.3778,92.6267,22.03,88,99,10.07,RU,1680574079
73,lata,40.1629,-8.3327,54.07,94,100,3.2,PT,1680574079
74,chuy,-33.6971,-53.4616,62.76,84,100,3.47,UY,1680574080
75,saint-augustin,51.226,-58.6502,29.01,80,61,4.56,CA,1680574080
76,carnarvon,-24.8667,113.6333,76.3,69,55,12.39,AU,1680574080
77,saldanha,-33.0117,17.9442,60.57,93,100,7.38,ZA,1680574080
78,shipunovo,52.1582,82.2173,34.29,54,7,4.09,RU,1680574080
79,bredasdorp,-34.5322,20.0403,59.09,85,100,2.08,ZA,1680574080
80,vaini,-21.2,-175.2,84.36,65,20,8.05,TO,1680574080
81,aksu,41.1231,80.2644,36.64,20,1,17.67,CN,1680574080
82,nikolskoye,59.7035,30.7861,28.8,97,100,6.58,RU,1680574081
83,ceres,37.5949,-120.9577,53.92,40,40,17.27,US,1680574081
84,lavrentiya,65.5833,-171.0,4.12,82,77,7.29,RU,1680574082
85,mahebourg,-20.4081,57.7,75.25,82,83,7.47,MU,1680574082
86,lagoa,39.05,-27.9833,58.26,69,100,10.11,PT,1680574083
87,sitka,57.0531,-135.33,44.49,57,0,5.75,US,1680574084
88,geraldton,-28.7667,114.6,73.81,64,75,18.41,AU,1680574085
89,banjar,-8.19,114.9675,75.99,93,100,2.46,ID,1680574085
90,khorinsk,52.1657,109.7726,28.2,36,69,13.58,RU,1680574086
91,hobart,-42.8794,147.3294,68.05,53,20,14.97,AU,1680573855
92,wasilla,61.5814,-149.4394,37.06,50,20,4.61,US,1680574086
93,ornskoldsvik,63.2909,18.7153,23.95,93,20,4.61,SE,1680574087
94,codrington,-38.2667,141.9667,65.79,57,100,6.04,AU,1680574087
95,asau,46.4333,26.4,33.28,97,100,6.93,RO,1680574088
96,sola,-13.8833,167.55,83.1,73,100,16.11,VU,1680574088
97,castro,-24.7911,-50.0119,59.05,87,1,3.49,BR,1680574089
98,sandwick,60.0,-1.25,44.42,81,100,11.5,GB,1680574090
99,kenai,60.5544,-151.2583,32.14,79,100,9.22,US,1680574090
100,arraial do cabo,-22.9661,-42.0278,75.33,74,100,10.13,BR,1680574091
101,arlit,18.7369,7.3853,77.86,6,99,8.16,NE,1680574091
102,moroto,2.5345,34.6666,66.16,82,100,0.47,UG,1680574092
103,kaitangata,-46.2817,169.8464,64.92,55,41,6.38,NZ,1680574092
104,laguna,38.421,-121.4238,55.69,28,40,11.5,US,1680574093
105,cabo san lucas,22.8909,-109.9124,82.62,63,100,14.54,MX,1680573555
106,leningradskiy,69.3833,178.4167,-6.18,87,6,4.09,RU,1680574093
107,dixon,38.4455,-121.8233,55.54,31,0,12.66,US,1680574093
108,burla,21.5,83.8667,82.51,31,3,2.24,IN,1680574093
109,mujiayingzi,42.1167,118.7833,36.64,30,100,13.65,CN,1680574094
110,sisimiut,66.9395,-53.6735,4.98,74,3,12.35,GL,1680574094
111,saint-francois,46.4154,3.9054,35.67,80,0,8.05,FR,1680573953
112,karratha,-20.7377,116.8463,86.63,56,47,3.94,AU,1680574095
113,dandong,40.1292,124.3947,63.03,33,100,3.76,CN,1680574096
114,garowe,8.4054,48.4845,75.06,76,13,9.84,SO,1680574096
115,sao filipe,14.8961,-24.4956,74.91,70,73,8.1,CV,1680574096
116,hithadhoo,-0.6,73.0833,82.36,69,32,8.34,MV,1680574097
117,sorland,67.667,12.6934,39.06,89,98,9.31,NO,1680574097
118,hua hin,12.5707,99.9588,89.01,74,6,2.21,TH,1680574098
119,avarua,-21.2078,-159.775,80.65,61,64,13.8,CK,1680573932
120,tamandare,-8.7597,-35.1047,77.9,80,62,4.27,BR,1680574098
121,hoquiam,46.9809,-123.8893,46.99,69,75,10.36,US,1680574099
122,hirara,24.8,125.2833,72.07,62,15,22.59,JP,1680574102
123,zhangjiakou,40.81,114.8794,43.61,68,100,7.63,CN,1680574102
124,upernavik,72.7868,-56.1549,-21.08,99,37,4.34,GL,1680574103
125,nizwa,22.9333,57.5333,64.94,23,45,1.59,OM,1680574103
126,newton stewart,54.9578,-4.4832,40.44,95,100,5.26,GB,1680574105
127,ankang,32.68,109.0172,54.09,74,100,2.75,CN,1680574105
128,ilulissat,69.2167,-51.1,-16.1,98,26,4.72,GL,1680574105
129,khatanga,71.9667,102.5,-21.42,93,100,12.26,RU,1680574106
130,mount gambier,-37.8333,140.7667,68.05,51,100,4.03,AU,1680574106
131,coahuayana,18.7333,-103.6833,72.57,88,3,1.68,MX,1680574106
132,abidjan,5.3094,-4.0197,76.96,100,20,2.3,CI,1680574107
133,kamina,-8.7386,24.9906,63.39,97,100,0.81,CD,1680574108
134,stephenville,32.2207,-98.2023,80.6,67,40,16.11,US,1680573565
135,palmas bellas,9.2319,-80.0867,78.48,88,67,12.19,PA,1680574108
136,eucaliptus,-17.5833,-67.5167,51.04,67,100,6.2,BO,1680574109
137,deputatskiy,69.3,139.9,11.53,91,69,3.65,RU,1680574110
138,dingle,10.9995,122.6711,86.86,57,48,10.18,PH,1680574110
139,pachino,36.7186,15.0907,54.52,66,100,14.03,IT,1680574111
140,bengkulu,-3.8004,102.2655,79.5,80,83,2.37,ID,1680574111
141,dikson,73.5069,80.5464,-6.86,97,100,11.79,RU,1680574112
142,ashta,23.0167,76.7167,76.3,33,5,7.63,IN,1680574113
143,pasighat,28.0667,95.3333,63.86,83,100,2.48,IN,1680574113
144,kita,13.0349,-9.4895,80.71,9,4,2.95,ML,1680574114
145,straumen,63.8709,11.2999,33.8,99,100,7.72,NO,1680574114
146,lawrenceburg,38.0373,-84.8966,63.18,55,0,12.66,US,1680574014
147,altamirano,16.8833,-92.15,58.51,68,22,3.04,MX,1680574116
148,acari,-15.4311,-74.6158,76.86,83,64,3.15,PE,1680574116
149,cairns,-16.9167,145.7667,94.06,70,75,5.75,AU,1680574117
150,sorong,-0.8833,131.25,81.55,78,100,10.65,ID,1680573959
151,verdun,49.25,5.3333,35.82,74,0,11.16,FR,1680574118
152,hilo,19.7297,-155.09,78.94,71,100,3.44,US,1680574118
153,jurm,36.8648,70.8342,44.8,85,100,1.25,AF,1680574119
154,calvia,39.5657,2.5062,49.08,84,0,5.46,ES,1680574119
155,tiksi,71.6872,128.8694,18.52,85,100,5.23,RU,1680574119
156,shatrovo,56.5167,64.6333,34.93,78,77,3.36,RU,1680574120
157,hobyo,5.3505,48.5268,82.38,67,10,11.3,SO,1680574120
158,torres,-29.3353,-49.7269,67.82,86,15,6.22,BR,1680574121
159,dwarka,22.2394,68.9678,76.84,82,6,10.6,IN,1680574121
160,gari,59.4307,62.3497,34.34,96,100,9.73,RU,1680574121
161,ongandjera,-17.8833,15.0667,75.22,50,99,0.87,NA,1680574121
162,zyryanka,65.75,150.85,14.41,74,13,15.43,RU,1680574121
163,conde,-7.2597,-34.9075,78.26,89,40,4.61,BR,1680574120
164,hofn,64.2539,-15.2082,46.08,94,100,22.12,IS,1680574122
165,sompeta,18.9333,84.6,82.17,80,10,13.04,IN,1680574122
166,college,64.8569,-147.8028,35.58,57,75,4.61,US,1680574122
167,kodiak,57.79,-152.4072,35.11,93,100,8.05,US,1680574122
168,port alfred,-33.5906,26.891,66.42,76,99,15.43,ZA,1680574122
169,port lincoln,-34.7333,135.8667,73.76,40,11,5.06,AU,1680574122
170,tambovka,50.0969,128.0489,36.45,25,49,18.1,RU,1680574123
171,quesnel,52.9999,-122.5029,34.88,83,100,4.54,CA,1680574110
172,torbay,47.6666,-52.7314,30.58,83,7,10.0,CA,1680574123
173,ekhabi,53.5102,142.9671,29.23,95,100,18.99,RU,1680574123
174,parang,7.3704,124.2697,83.43,72,81,2.86,PH,1680574123
175,lesosibirsk,58.2358,92.4828,32.77,99,100,8.77,RU,1680574123
176,fort nelson,58.8053,-122.7002,27.48,85,100,5.64,CA,1680574123
177,palauig,15.435,119.9045,84.11,67,31,6.49,PH,1680574124
178,klaksvik,62.2266,-6.589,45.52,92,100,26.04,FO,1680574124
179,bati,11.1833,40.0167,64.08,81,96,1.95,ET,1680574124
180,mantua,45.1667,10.7833,45.64,70,66,3.0,IT,1680573928
181,ahipara,-35.1667,173.1667,67.75,55,0,12.28,NZ,1680574124
182,kirakira,-10.4544,161.9205,86.86,67,31,7.11,SB,1680574125
183,boa vista,2.8197,-60.6733,82.38,51,0,10.36,BR,1680574125
184,yellowknife,62.456,-114.3525,14.81,94,100,4.34,CA,1680574125
185,alice springs,-23.7,133.8833,83.75,24,9,9.22,AU,1680573835
186,lazaro cardenas,17.9583,-102.2,77.14,74,0,6.87,MX,1680574125
187,hasaki,35.7333,140.8333,59.4,52,0,10.8,JP,1680574124
188,saint george,37.1041,-113.5841,40.42,70,40,16.11,US,1680573862
189,tateyama,34.9833,139.8667,58.08,51,0,6.31,JP,1680574125
190,mackay,-21.15,149.2,85.68,73,21,9.73,AU,1680574126
191,oum hadjer,13.2954,19.6966,82.02,15,99,6.62,TD,1680574126
192,batticaloa,7.7102,81.6924,79.29,80,5,7.61,LK,1680574126
193,provideniya,64.3833,-173.3,8.71,66,75,20.13,RU,1680574126
194,kokopo,-4.352,152.2633,83.43,69,99,4.94,PG,1680574126
195,lorengau,-2.0226,147.2712,85.69,64,20,5.17,PG,1680574127
196,barrow,71.2906,-156.7887,3.22,72,75,13.8,US,1680574072
197,palmares do sul,-30.2578,-50.5097,70.79,79,13,11.52,BR,1680574127
198,roald,62.5833,6.1333,40.75,93,20,3.44,NO,1680574127
199,lompoc,34.6391,-120.4579,52.59,67,0,31.07,US,1680574127
200,russell,32.3502,-85.1999,65.48,94,40,0.0,US,1680574127
201,helong,42.5397,128.9972,58.84,40,100,6.26,CN,1680574128
202,cockburn town,21.4612,-71.1419,77.5,75,0,20.56,TC,1680574128
203,banda aceh,5.5577,95.3222,81.73,74,55,1.68,ID,1680574123
204,turukhansk,65.8167,87.9833,-12.93,91,27,6.71,RU,1680574128
205,liberty,31.8335,-81.5004,69.98,47,75,0.0,US,1680574128
206,victoria,22.2855,114.1577,79.43,92,33,4.0,HK,1680573905
207,georgetown,5.4112,100.3354,84.13,87,20,3.44,MY,1680573909
208,rawson,-43.3002,-65.1023,59.72,64,1,12.35,AR,1680574076
209,tuatapere,-46.1333,167.6833,63.39,55,63,3.94,NZ,1680574069
210,punjai puliyampatti,11.35,77.2,79.84,74,55,3.4,IN,1680574129
211,duku,11.2361,4.9073,83.64,10,57,4.52,NG,1680574129
212,montepuez,-13.1256,38.9997,65.57,99,38,3.51,MZ,1680574129
213,swan hill,-35.3378,143.5544,78.89,31,7,1.81,AU,1680574129
214,lakes entrance,-37.8811,147.981,80.17,45,13,4.56,AU,1680574129
215,champerico,14.3,-91.9167,83.7,65,75,8.93,GT,1680574129
216,plainfield,40.6168,-74.4173,55.42,68,0,4.0,US,1680573960
217,rio gallegos,-51.6226,-69.2181,51.85,50,75,12.66,AR,1680574130
218,gazli,40.1333,63.45,50.34,57,99,9.98,UZ,1680574130
219,indramayu,-6.3264,108.32,81.18,75,100,3.8,ID,1680574131
220,paramonga,-10.6667,-77.8333,77.13,82,100,8.75,PE,1680574131
221,waipawa,-41.4122,175.5153,58.41,57,3,6.13,NZ,1680574131
222,ostrovnoy,68.0531,39.5131,14.97,89,8,19.73,RU,1680574131
223,lowestoft,52.4752,1.7516,36.23,65,10,9.69,GB,1680574131
224,santiago de cao,-7.9589,-79.2392,82.53,74,75,9.22,PE,1680574131
225,monterey,36.2505,-121.2516,43.9,62,5,15.12,US,1680574131
226,abha,18.2164,42.5053,55.65,88,40,6.91,SA,1680574131
227,tabas,33.5959,56.9244,57.51,24,1,3.51,IR,1680574132
228,maningrida,-12.0667,134.2667,88.05,54,100,7.52,AU,1680574122
229,aljezur,37.3191,-8.8033,54.95,83,100,16.49,PT,1680574133
230,baruun-urt,46.6806,113.2792,28.94,21,65,3.62,MN,1680574133
231,cape town,-33.9258,18.4232,60.12,86,0,1.14,ZA,1680573900
232,huarmey,-10.0681,-78.1522,78.04,81,100,7.34,PE,1680574124
233,hami,42.8,93.45,32.49,77,100,5.59,CN,1680574134
234,porto novo,6.4965,2.6036,80.35,83,88,8.21,BJ,1680574134
235,konya,38.1667,32.5,38.68,60,100,9.66,TR,1680574134
236,tyukalinsk,55.8732,72.1967,31.75,82,10,5.53,RU,1680574134
237,del rio,29.3627,-100.8968,89.71,26,0,8.05,US,1680574134
238,saint-philippe,-21.3585,55.7679,74.79,79,97,5.99,RE,1680574134
239,sinnamary,5.3833,-52.95,76.82,82,95,9.4,GF,1680574134
240,san cristobal,7.7669,-72.225,73.58,81,81,1.83,VE,1680573993
241,jalu,29.0331,21.5482,59.04,46,0,6.67,LY,1680574135
242,vanimo,-2.6741,141.3028,82.27,78,100,2.62,PG,1680574135
243,kilakarai,9.2333,78.7833,84.25,67,32,11.18,IN,1680574135
244,thompson,55.7435,-97.8558,14.16,37,40,3.44,CA,1680573898
245,adre,13.4667,22.2,76.75,16,100,4.81,TD,1680574135
246,longyearbyen,78.2186,15.6401,6.64,61,20,9.22,SJ,1680574136
247,roma,43.2128,-75.4557,49.08,74,100,9.22,US,1680574136
248,douentza,14.9951,-2.9517,78.13,10,0,4.25,ML,1680574136
249,westport,41.1415,-73.3579,50.94,79,0,9.22,US,1680574064
250,nishihara,26.1842,127.7558,73.45,53,75,18.41,JP,1680574136
251,mazagao,-0.115,-51.2894,77.05,92,19,3.24,BR,1680574137
252,rawah,34.4816,41.9093,62.06,53,2,3.76,IQ,1680574137
253,nanortalik,60.1432,-45.2371,30.72,86,96,1.43,GL,1680574137
254,lebanon,36.2081,-86.2911,60.85,87,100,5.75,US,1680574137
255,spornoye,50.8448,37.2913,44.47,97,100,3.67,RU,1680574137
256,zhongshu,24.5167,103.7667,68.36,36,2,18.99,CN,1680574137
257,almaznyy,48.0448,40.045,43.21,95,43,7.14,RU,1680574137
258,norman wells,65.282,-126.8329,23.09,92,32,2.77,CA,1680574046
259,cherskiy,68.75,161.3,6.76,72,99,16.51,RU,1680574138
260,ancud,-41.8697,-73.8203,52.41,93,68,3.96,CL,1680574082
261,lichinga,-13.3128,35.2406,57.6,98,14,4.05,MZ,1680574138
262,progreso,21.2833,-89.6667,88.11,50,28,14.47,MX,1680574138
263,komsomolskiy,40.4272,71.7189,56.12,71,100,4.61,UZ,1680574138
264,nouakchott,18.0858,-15.9785,80.53,33,27,9.78,MR,1680574118
265,cozumel,20.5083,-86.9458,79.95,82,40,4.61,MX,1680574138
266,ponta do sol,32.6667,-17.1,63.23,60,14,12.12,PT,1680574139
267,kati,12.7441,-8.0726,72.81,9,0,3.94,ML,1680574139
268,ulety,51.3572,112.4849,27.07,39,7,15.39,RU,1680574139
269,mount pleasant,32.7941,-79.8626,68.25,93,100,3.44,US,1680573254
270,sayyan,15.1718,44.3244,57.69,70,64,1.28,YE,1680574140
271,porosozero,62.7191,32.727,14.32,97,95,6.13,RU,1680574140
272,tigil,57.8,158.6667,21.7,79,89,3.76,RU,1680574120
273,tazovskiy,67.4667,78.7,6.75,92,100,24.65,RU,1680574141
274,chenghai,23.4632,116.768,69.3,84,100,6.69,CN,1680574141
275,prado,-17.3411,-39.2208,74.17,85,100,7.85,BR,1680574141
276,souillac,-20.5167,57.5167,75.9,87,89,7.78,MU,1680574135
277,ardesen,41.1911,40.9875,55.17,69,56,4.38,TR,1680574142
278,kaeo,-35.1,173.7833,71.33,56,1,2.42,NZ,1680574143
279,ust-karsk,52.7011,118.8077,26.31,55,9,10.4,RU,1680574143
280,urumqi,43.801,87.6005,29.35,27,0,4.47,CN,1680574143
281,beroroha,-21.6667,45.1667,71.2,93,0,0.76,MG,1680574144
282,kroonstad,-27.6504,27.2349,52.03,64,0,3.49,ZA,1680574144
283,east london,-33.0153,27.9116,66.45,69,88,18.32,ZA,1680574144
284,la ronge,55.1001,-105.2842,16.27,94,98,5.14,CA,1680574145
285,caravelas,-17.7125,-39.2481,77.0,73,100,8.3,BR,1680574146
286,port hardy,50.6996,-127.4199,41.38,74,61,11.9,CA,1680574146
287,surab,28.4914,66.2585,53.98,36,0,4.09,PK,1680574147
288,gat,31.61,34.7642,68.4,33,0,8.61,IL,1680574148
289,lakhimpur,27.95,80.7667,75.63,41,27,6.17,IN,1680574148
290,pevek,69.7008,170.3133,-4.02,80,100,8.97,RU,1680574148
291,bambous virieux,-20.3428,57.7575,75.22,81,85,6.82,MU,1680574151
292,chapais,49.7834,-74.8492,21.43,94,96,10.33,CA,1680574151
293,kummersbruck,49.4192,11.8883,30.11,75,6,4.07,DE,1680574152
294,ola,59.5833,151.2833,28.15,75,9,6.4,RU,1680574153
295,iquique,-20.2208,-70.1431,78.84,84,6,1.3,CL,1680574100
296,mukono,0.3533,32.7553,61.59,97,100,1.07,UG,1680574153
297,necochea,-38.5473,-58.7368,60.93,83,57,7.81,AR,1680574154
298,elko,41.0002,-115.5012,25.23,67,100,11.01,US,1680574155
299,murgab,37.4966,61.9714,50.81,75,100,10.02,TM,1680574156
300,carbonia,39.1672,8.5222,47.05,88,6,5.82,IT,1680573927
301,tilhar,27.9833,79.7333,75.74,40,24,4.23,IN,1680574157
302,hay river,60.8156,-115.7999,9.66,94,67,1.63,CA,1680574158
303,labrea,-7.2586,-64.7981,73.0,97,76,2.35,BR,1680574074
304,yulara,-25.2406,130.9889,83.62,35,100,7.18,AU,1680574159
305,rabo de peixe,37.8,-25.5833,54.91,82,20,8.05,PT,1680574159
306,wembley,-31.9333,115.8,72.68,69,20,8.05,AU,1680574160
307,hudson bay,52.85,-102.3842,9.43,92,100,5.14,CA,1680574160
308,ribnitz-damgarten,54.25,12.4667,30.11,61,100,2.26,DE,1680574100
309,bayir,37.2687,28.2167,57.72,45,86,25.26,TR,1680574162
310,hagere selam,6.4833,38.5167,46.85,89,63,1.63,ET,1680574163
311,pionerskiy,54.9508,20.2275,31.84,62,9,15.9,RU,1680574163
312,airai,-8.9266,125.4092,72.57,58,85,2.24,TL,1680574163
313,reigate,51.2376,-0.2078,38.86,71,0,4.61,GB,1680574164
314,orzhytsya,49.7918,32.7012,42.35,90,100,8.9,UA,1680574164
315,tuy hoa,13.0833,109.3,85.42,66,14,5.46,VN,1680574165
316,klyuchi,52.2667,79.1667,36.1,46,0,5.91,RU,1680574165
317,vila,42.0304,-8.1588,44.71,69,100,4.09,PT,1680574165
318,samarai,-10.6167,150.6667,83.68,75,100,8.34,PG,1680574166
319,oriximina,-1.7656,-55.8661,74.07,93,92,2.06,BR,1680574166
320,grand forks,47.9417,-97.4337,19.13,86,100,16.11,US,1680574044
321,matamoros,25.5333,-103.25,89.71,14,75,5.75,MX,1680574166
322,zhangye,38.9342,100.4517,35.94,59,100,24.32,CN,1680574134
323,clyde river,70.4692,-68.5914,-11.42,83,3,6.44,CA,1680574159
324,derzhavinsk,51.1,66.3167,36.81,64,60,10.65,KZ,1680574167
325,charters towers,-20.1,146.2667,85.19,54,28,4.16,AU,1680574168
326,kavaratti,10.5669,72.642,81.21,71,100,8.08,IN,1680574168
327,tres arroyos,-38.3739,-60.2798,58.93,86,64,7.18,AR,1680574168
328,yaguachi,-2.1167,-79.6833,82.38,98,100,2.3,EC,1680574169
329,greeneville,36.1632,-82.831,59.88,51,100,4.61,US,1680574164
330,ereymentau,51.6199,73.1033,36.63,41,0,5.59,KZ,1680574169
331,vadso,70.0744,29.7487,28.56,80,100,18.41,NO,1680574170
332,port hedland,-20.3167,118.5667,89.65,62,45,4.61,AU,1680574170
333,kawalu,-7.3817,108.2082,80.46,75,100,1.14,ID,1680574171
334,adelanto,34.5828,-117.4092,42.98,33,0,31.94,US,1680574171
335,portland,45.5234,-122.6762,47.73,78,75,3.44,US,1680573939
336,palmer,42.1584,-72.3287,48.42,65,75,10.36,US,1680574172
337,marsa matruh,31.3525,27.2453,61.7,83,0,15.59,EG,1680574172
338,inyonga,-6.7167,32.0667,62.06,98,100,2.17,TZ,1680574173
339,vila velha,-20.3297,-40.2925,76.95,78,75,5.75,BR,1680574014
340,puerto del rosario,28.5004,-13.8627,64.15,77,20,18.41,ES,1680574173
341,kropotkin,45.4375,40.5756,45.97,91,17,3.44,RU,1680574174
342,san luis,-33.295,-66.3356,65.53,75,100,11.21,AR,1680574175
343,yanam,16.7333,82.2167,82.13,76,100,2.75,IN,1680574175
344,durres,41.3231,19.4414,50.18,84,100,12.66,AL,1680574176
345,okha,53.5739,142.9478,29.46,94,100,19.71,RU,1680574176
346,aripuana,-9.1667,-60.6333,71.92,93,100,2.3,BR,1680574177
347,talnakh,69.4865,88.3972,-12.8,96,100,7.54,RU,1680574177
348,richards bay,-28.783,32.0377,72.43,75,100,14.92,ZA,1680574178
349,havre-saint-pierre,50.2334,-63.5986,27.61,76,100,7.58,CA,1680574106
350,havre,49.5833,0.3333,37.17,75,0,5.75,FR,1680574179
351,eureka,40.8021,-124.1637,47.93,74,35,7.0,US,1680574179
352,pokhara,28.2333,83.9833,71.04,36,26,0.47,NP,1680574180
353,sokoto,13.0609,5.239,80.33,9,13,6.6,NG,1680574180
354,teluk nibung,3.001,99.8164,79.14,81,100,4.45,ID,1680574180
355,tual,-5.6667,132.75,80.6,77,100,8.14,ID,1680574035
356,rocha,-34.4833,-54.3333,61.34,90,100,1.05,UY,1680574180
357,socorro,31.6546,-106.3033,76.32,4,0,24.16,US,1680574181
358,burlington,39.8835,-74.6413,55.53,77,0,10.36,US,1680574178
359,sept-iles,50.2001,-66.3821,28.06,89,100,1.99,CA,1680574181
360,batagay-alyta,67.8006,130.4114,11.21,69,100,1.48,RU,1680574181
361,pueblo,38.2545,-104.6091,67.48,16,94,5.99,US,1680574020
362,nome,64.5011,-165.4064,15.87,73,100,3.44,US,1680574182
363,chornobay,49.6708,32.3239,40.66,91,100,9.69,UA,1680574183
364,vestmannaeyjar,63.4427,-20.2734,46.35,90,100,28.52,IS,1680574183
365,faanui,-16.4833,-151.75,82.62,72,99,8.28,PF,1680574184
366,san juan,-31.5375,-68.5364,74.57,43,100,7.09,AR,1680574161
367,bireun,5.203,96.7009,82.17,73,83,3.71,ID,1680574184
368,yichun,47.7,128.9,37.47,21,13,13.4,CN,1680574184
369,saint-leu,-21.15,55.2833,74.26,91,91,3.98,RE,1680574161
370,presidencia roque saenz pena,-26.7852,-60.4388,79.83,44,46,5.53,AR,1680574185
371,beni,0.5,29.4667,62.1,97,100,4.79,CD,1680574185
372,pandan,14.0453,124.1694,80.47,65,100,12.93,PH,1680574186
373,nouadhibou,20.931,-17.0347,67.98,73,98,25.32,MR,1680574120
374,vardo,70.3705,31.1107,31.53,81,100,19.46,NO,1680574186
375,namibe,-15.1961,12.1522,74.77,78,35,6.4,AO,1680574186
376,banff,51.1762,-115.5698,22.35,92,94,4.18,CA,1680574002
377,constitucion,-35.3333,-72.4167,57.38,68,3,11.7,CL,1680574186
378,bilma,18.6853,12.9164,75.42,8,94,6.2,NE,1680574187
379,tamale,9.4008,-0.8393,84.18,56,54,9.98,GH,1680574187
380,shimoda,34.6667,138.95,61.11,53,0,7.14,JP,1680574164
381,sobolevo,54.4299,31.8996,32.85,99,100,6.46,RU,1680574187
382,vysokogornyy,50.1167,139.15,38.07,63,47,18.59,RU,1680574187
383,port blair,11.6667,92.75,82.44,74,40,2.3,IN,1680574188
384,ugoofaaru,5.6667,73.0,81.05,72,7,5.39,MV,1680574188
385,mattru,7.6244,-11.8332,75.83,83,100,3.15,SL,1680574188
386,bam,29.106,58.357,59.94,13,0,3.29,IR,1680574188
387,harnosand,62.6323,17.9379,26.6,89,98,4.99,SE,1680574188
388,guerrero negro,27.9769,-114.0611,57.07,71,3,23.85,MX,1680574189
389,porangatu,-13.4408,-49.1486,67.69,95,84,3.22,BR,1680574189
390,luderitz,-26.6481,15.1594,62.69,63,0,14.58,NA,1680574189
391,salalah,17.0151,54.0924,84.29,21,20,9.22,OM,1680574069
392,ilhabela,-23.7781,-45.3581,72.34,83,11,7.96,BR,1680574190
393,umm lajj,25.0213,37.2685,75.2,37,51,3.29,SA,1680574140
394,fayaoue,-20.65,166.5333,81.27,78,73,6.26,NC,1680574190
395,buinsk,54.95,48.2833,42.8,60,9,6.11,RU,1680574190
396,quatre cocos,-20.2078,57.7625,75.09,83,90,6.4,MU,1680574191
397,kloulklubed,7.0419,134.2556,82.2,76,100,8.77,PW,1680574191
398,kimbe,-5.5502,150.1429,88.97,61,64,6.15,PG,1680574192
399,kudahuvadhoo,2.6708,72.8944,81.66,68,3,2.1,MV,1680574192
400,brigantine,39.4101,-74.3646,53.01,87,0,12.66,US,1680574192
401,esperance,-33.8667,121.9,68.09,73,100,10.67,AU,1680574192
402,moranbah,-22.0016,148.0466,83.19,55,11,7.07,AU,1680574192
403,wenatchee,47.4235,-120.3103,50.29,32,0,18.41,US,1680574078
404,taybad,34.74,60.7756,48.9,61,0,5.5,IR,1680574192
405,mount hagen,-5.8581,144.2274,74.64,57,100,3.74,PG,1680574193
406,thanh hoa,19.8,105.7667,84.97,62,4,6.38,VN,1680574193
407,los llanos de aridane,28.6585,-17.9182,64.15,84,100,17.27,ES,1680574193
408,shizunai,42.3339,142.3669,46.89,59,78,3.51,JP,1680574193
409,rio grande,-32.035,-52.0986,66.31,76,100,7.07,BR,1680574193
410,wukari,7.85,9.7833,82.22,67,100,9.35,NG,1680574193
411,ler,8.3018,30.1418,79.93,16,18,5.44,SS,1680574193
412,farap,39.1704,63.6116,53.85,53,100,11.07,TM,1680574194
413,corowa,-36.0333,146.3833,78.42,52,7,6.22,AU,1680574194
414,melun,48.5,2.75,40.75,77,0,6.91,FR,1680574194
415,pedro leopoldo,-19.6181,-44.0431,71.17,78,0,9.22,BR,1680574194
416,vanderhoof,54.0166,-124.0198,32.02,83,99,2.44,CA,1680574194
417,jiayuguan,39.8167,98.3,28.54,73,100,14.94,CN,1680574033
418,pimentel,-6.8367,-79.9342,80.89,83,75,8.05,PE,1680574195
419,salinopolis,-0.6136,-47.3561,75.56,91,100,5.97,BR,1680574195
420,kondinskoye,59.6481,67.41,31.69,92,100,13.15,RU,1680574195
421,cuamba,-14.8031,36.5372,63.73,97,11,1.86,MZ,1680574195
422,aukra,62.7925,6.919,37.76,87,100,6.91,NO,1680574195
423,fortuna,40.5982,-124.1573,47.66,74,38,4.0,US,1680574196
424,saint-honore,48.5334,-71.0824,30.29,92,100,1.45,CA,1680574196
425,henties bay,-22.116,14.2845,60.94,88,0,8.46,NA,1680574141
426,nauta,-4.5061,-73.5757,73.4,98,99,1.54,PE,1680574196
427,half moon bay,37.4636,-122.4286,52.03,66,0,27.63,US,1680574110
428,takoradi,4.8845,-1.7554,79.68,84,98,5.86,GH,1680574197
429,kamaishi,39.2667,141.8833,56.39,49,1,6.29,JP,1680574171
430,pemberton,50.3164,-122.8027,41.95,67,93,4.7,CA,1680574197
431,paamiut,61.994,-49.6678,33.37,75,100,4.25,GL,1680574197
432,chengde,40.9725,117.9361,48.06,32,100,11.65,CN,1680574197
433,port-gentil,-0.7193,8.7815,80.85,78,100,7.31,GA,1680574197
434,cefalu,38.0386,14.0229,56.53,76,95,3.0,IT,1680574198
435,svetlaya,46.5389,138.3297,48.87,50,100,9.15,RU,1680574198
436,ribeira grande,38.5167,-28.7,55.78,81,100,5.01,PT,1680574198
437,cap malheureux,-19.9842,57.6142,75.47,82,89,1.99,MU,1680574198
438,mnogovershinnyy,53.9353,139.9242,27.75,63,84,19.01,RU,1680574199
439,nemuro,43.3236,145.575,40.08,65,99,14.67,JP,1680574128
440,bandarbeyla,9.4942,50.8122,80.82,74,100,10.45,SO,1680574199
441,envira,-7.3,-70.2167,69.76,96,100,2.24,BR,1680574199
442,guatire,10.4762,-66.5427,78.21,98,48,2.04,VE,1680574199
443,fereydunshahr,32.941,50.121,34.39,67,0,1.95,IR,1680574199
444,krasnosilka,46.6226,30.7742,43.21,89,97,9.98,UA,1680574200
445,lodja,-3.4833,23.4333,66.04,99,100,0.36,CD,1680574200
446,chiriqui grande,8.95,-82.1167,77.09,88,99,2.17,PA,1680574200
447,touros,-5.1989,-35.4608,78.28,80,59,7.18,BR,1680574200
448,rincon,32.296,-81.2354,69.85,89,100,5.75,US,1680574201
449,broome,42.2506,-75.833,53.98,58,100,8.05,US,1680574202
450,strezhevoy,60.7333,77.5889,16.68,73,100,9.84,RU,1680574202
451,hovd,48.0056,91.6419,23.27,11,0,1.45,MN,1680574204
452,salinas,36.6777,-121.6555,52.41,63,0,24.16,US,1680574205
453,bukachacha,52.9833,116.9167,23.99,46,0,8.86,RU,1680574206
454,okitipupa,6.5047,4.7839,75.99,96,100,1.52,NG,1680574207
455,jacareacanga,-6.2222,-57.7528,71.6,99,99,1.36,BR,1680574208
456,port-cartier,50.0334,-66.8654,27.75,97,100,5.99,CA,1680574209
457,severo-kurilsk,50.6789,156.125,33.98,82,60,11.34,RU,1680574209
458,dangtu,31.5723,118.4928,60.71,98,100,6.51,CN,1680574210
459,anloga,5.7947,0.8973,81.91,75,100,8.99,GH,1680574210
460,santo antonio do leverger,-15.8656,-56.0767,75.58,79,39,4.47,BR,1680574211
461,alamos,27.0167,-108.9333,72.57,16,100,3.2,MX,1680574212
462,yumen,40.2833,97.2,31.39,29,100,19.04,CN,1680574213
463,saint-pierre,-21.3393,55.4781,74.88,73,0,5.75,RE,1680574214
464,amapa,1.0,-52.0,70.03,94,57,2.62,BR,1680574215
465,plouzane,48.3833,-4.6167,41.05,93,4,5.75,FR,1680574216
466,kaka,37.3482,59.6143,48.78,75,100,4.07,TM,1680574216
467,kajaani,64.2273,27.7285,-0.35,85,0,1.14,FI,1680574218
468,honiara,-9.4333,159.95,87.93,66,100,7.27,SB,1680574219
469,tequixquitla,19.3278,-97.65,68.68,33,39,3.74,MX,1680574219
470,christchurch,-43.5333,172.6333,69.42,59,7,4.61,NZ,1680574003
471,matagami,49.7502,-77.6328,14.11,73,20,14.97,CA,1680574220
472,magaria,12.9983,8.9099,74.79,9,13,7.0,NE,1680574221
473,sakakah,29.9697,40.2064,61.68,22,0,7.23,SA,1680574221
474,skjervoy,70.0311,20.9714,35.6,86,99,27.13,NO,1680574223
475,chivilcoy,-34.8957,-60.0167,60.39,93,100,5.82,AR,1680574224
476,kahului,20.8947,-156.47,82.42,69,40,19.57,US,1680574045
477,rio cuarto,-33.1307,-64.3499,65.48,88,0,0.0,AR,1680573955
478,fort-shevchenko,44.5086,50.263,47.1,78,100,3.29,KZ,1680574228
479,qui nhon,13.7667,109.2333,83.01,71,17,8.57,VN,1680574229
480,sulangan,11.1373,123.7228,80.98,76,32,11.43,PH,1680574229
481,plettenberg bay,-34.0527,23.3716,59.41,82,99,5.93,ZA,1680574045
482,saint simons,31.1352,-81.3901,75.24,90,100,0.0,US,1680574232
483,swan river,52.1058,-101.2676,10.29,92,100,6.96,CA,1680574232
484,atikokan,48.7555,-91.6216,23.05,89,100,9.91,CA,1680574233
485,taganak,6.0833,118.3,82.89,72,90,9.6,PH,1680574233
486,blythe,33.6103,-114.5964,62.04,20,52,21.39,US,1680574234
487,upata,8.0086,-62.3989,74.19,73,16,7.61,VE,1680574074
488,coihaique,-45.5752,-72.0662,56.01,71,100,3.44,CL,1680574234
489,falavarjan,32.5553,51.5097,34.81,28,0,2.24,IR,1680574235
490,panguipulli,-39.6333,-72.3333,47.17,74,5,2.77,CL,1680574235
491,iqaluit,63.7506,-68.5145,-2.25,78,100,11.56,CA,1680574236
492,ixtapa,20.7,-105.2,75.22,78,40,0.0,MX,1680574236
493,powell,40.1578,-83.0752,59.0,80,40,4.61,US,1680574236
494,manokwari,-0.8667,134.0833,82.96,73,93,8.95,ID,1680574140
495,kailua,21.4022,-157.7394,82.38,75,12,5.01,US,1680574237
496,antsohihy,-14.8796,47.9875,73.29,96,97,2.51,MG,1680574238
497,saint albans,51.75,-0.3333,36.3,87,0,3.44,GB,1680574238
498,sao gabriel da cachoeira,-0.1303,-67.0892,73.29,96,95,1.54,BR,1680574239
499,baykit,61.67,96.37,22.39,88,100,10.09,RU,1680574143
500,vao,-22.6667,167.4833,78.51,81,15,8.05,NC,1680574240
501,saravan,39.7196,45.6483,40.8,77,81,1.63,AM,1680574240
502,przasnysz,53.0191,20.8803,28.38,82,19,7.94,PL,1680574240
503,shevchenkove,49.6959,37.1735,43.86,96,93,6.87,UA,1680574240
504,harper,4.375,-7.7169,77.34,89,100,2.91,LR,1680574241
505,ballina,-28.8667,153.5667,72.79,79,90,13.67,AU,1680574181
506,ardabil,38.2498,48.2933,36.95,93,40,6.91,IR,1680574241
507,erenhot,43.6475,111.9767,34.7,34,100,19.33,CN,1680574241
508,olafsvik,64.8945,-23.7142,43.14,97,100,20.04,IS,1680574102
509,lancaster,40.2504,-76.2499,56.7,73,0,5.75,US,1680573741
510,lithgow,-33.4833,150.15,63.3,60,78,5.86,AU,1680574241
511,ovsyanka,55.9575,92.5519,33.22,82,100,12.8,RU,1680574242
512,akureyri,65.6835,-18.0878,39.74,94,98,7.02,IS,1680574242
513,joacaba,-27.1781,-51.5047,62.64,78,21,3.02,BR,1680574242
514,san jose,37.3394,-121.895,52.88,53,20,23.0,US,1680573772
515,athens,37.9795,23.7162,55.67,86,75,14.0,GR,1680573586
516,kabare,-2.4683,28.8242,61.47,93,96,0.69,CD,1680574242
517,alyangula,-13.8483,136.4192,88.63,52,11,8.84,AU,1680574242
518,pljevlja,43.3333,19.3333,30.0,97,100,8.79,ME,1680574243
519,petrolina,-9.3986,-40.5008,80.65,54,0,6.91,BR,1680574243
520,divnomorskoye,44.5011,38.1353,48.99,93,47,5.86,RU,1680574243
521,madimba,-10.4,40.3333,74.86,92,32,6.69,TZ,1680574244
522,kongolo,-5.3833,27.0,69.57,97,100,1.7,CD,1680574244
523,lubumbashi,-11.6609,27.4794,62.11,99,100,2.13,CD,1680574244
524,lindsay,36.203,-119.0882,52.66,32,40,13.8,US,1680574245
525,ribeira brava,32.65,-17.0667,63.23,60,13,11.7,PT,1680574245
526,kidal,18.4411,1.4078,76.82,8,0,9.4,ML,1680574245
527,wanning,18.8003,110.3967,81.68,76,48,15.82,CN,1680574245
528,alenquer,-1.9417,-54.7383,73.27,95,81,2.77,BR,1680574246
529,simao dias,-10.7383,-37.8111,71.37,93,100,4.9,BR,1680574246
530,svetlyy,54.675,20.1347,32.05,66,9,10.2,RU,1680574246
531,tocopilla,-22.092,-70.1979,73.15,83,0,4.74,CL,1680574247
532,katsuura,35.1333,140.3,58.89,51,0,10.87,JP,1680574247
533,husavik,66.0449,-17.3389,36.28,96,100,10.51,IS,1680574247
534,havelock,34.8791,-76.9013,67.98,88,75,8.05,US,1680574247
535,goure,13.9835,10.2704,73.29,8,7,6.62,NE,1680574247
536,maba,24.6841,113.5984,71.38,95,100,3.49,CN,1680574248
537,soldotna,60.4878,-151.0583,32.07,80,0,9.22,US,1680574248
538,santiago,-33.4569,-70.6483,69.85,62,0,8.05,CL,1680574202
539,vila franca do campo,37.7167,-25.4333,55.81,78,66,5.21,PT,1680574248
540,yining,29.0361,114.5636,66.16,92,100,0.94,CN,1680574248
541,bronnoysund,65.4625,12.1997,33.8,93,68,2.3,NO,1680574249
542,guasdualito,7.2424,-70.7324,79.0,66,6,4.43,VE,1680574249
543,marzuq,14.4,46.4667,71.65,74,54,4.12,YE,1680574168
544,zholymbet,51.7433,71.7122,36.68,47,0,6.15,KZ,1680574249
545,inuvik,68.3499,-133.7218,10.72,92,79,3.33,CA,1680574250
546,muroto,33.2833,134.15,60.69,64,43,6.91,JP,1680574250
547,itum-kale,42.7356,45.5758,46.31,83,52,1.95,RU,1680574250
548,yima,34.7381,111.8839,46.31,84,100,3.6,CN,1680574250
549,guayaramerin,-10.8368,-65.3614,72.9,98,100,2.26,BO,1680574250
550,comodoro rivadavia,-45.8667,-67.5,64.26,34,0,5.75,AR,1680574126
551,lloydminster,53.2835,-110.0016,22.82,96,100,5.86,CA,1680574251
552,rosarito,32.3333,-117.0333,55.26,59,0,25.03,MX,1680574211
553,whitehorse,60.7161,-135.0538,32.02,72,58,3.31,CA,1680574251
554,gwadar,25.1216,62.3254,73.38,67,0,10.76,PK,1680574204
555,banepa,27.6298,85.5214,57.52,77,20,2.3,NP,1680574251
556,wajima,37.4,136.9,55.54,58,99,6.53,JP,1680574124
557,batemans bay,-35.7167,150.1833,70.11,49,14,8.32,AU,1680574251
558,cayenne,4.9333,-52.3333,77.04,83,75,2.3,GF,1680574251
559,shanghai,31.2222,121.4581,64.27,74,75,26.84,CN,1680574095
560,qaqortoq,60.7167,-46.0333,29.46,79,95,4.29,GL,1680574252
561,tilichiki,60.4667,166.1,14.31,88,100,11.48,RU,1680574252
562,shubarkuduk,49.1447,56.4872,42.57,50,86,10.8,KZ,1680574252
563,atakpame,7.5333,1.1333,75.58,81,100,4.85,TG,1680574252
564,boyuibe,-20.4167,-63.2833,71.33,82,100,6.58,BO,1680574252
565,leshukonskoye,64.8989,45.7622,7.59,95,85,4.47,RU,1680574252
566,stabat,3.761,98.4513,82.6,78,100,1.39,ID,1680574252
567,abalak,58.1286,68.5944,31.5,95,92,4.34,RU,1680574253
568,jawhar,2.7809,45.5005,78.84,80,1,5.79,SO,1680574220
569,ondjiva,-17.0667,15.7333,67.37,66,61,5.64,AO,1680574253
570,estepa,37.2926,-4.879,48.04,64,95,6.67,ES,1680574253
571,hamilton,39.1834,-84.5333,66.29,57,0,13.8,US,1680574253
572,huanren,41.2647,125.3667,58.78,38,100,2.66,CN,1680574253
573,tabriz,38.08,46.2919,40.46,70,20,4.61,IR,1680574203
574,bima,-8.4667,118.7167,80.44,86,100,3.11,ID,1680573967
575,usinsk,65.9939,57.5281,-3.89,99,9,3.38,RU,1680574254
576,tome,-36.6167,-72.95,54.21,63,0,5.35,CL,1680574077
577,teguise,29.0605,-13.564,61.02,72,20,18.41,ES,1680574000
578,manawar,22.2333,75.0833,79.75,31,4,8.93,IN,1680574254
579,portree,57.4129,-6.1942,45.52,82,100,10.96,GB,1680574254
580,vysokovsk,56.3167,36.55,39.72,99,100,3.13,RU,1680574254
581,norrtalje,59.758,18.705,25.02,85,75,2.37,SE,1680574254
